"https://legislatie.just.ro/Public/DetaliiDocumentAfis/269540","COD VAMAL (A) 2006","COD VAMAL (A) 10/04/2006 - Portal Legislativ"
"https://legislatie.just.ro/Public/DetaliiDocumentAfis/261147","ORDIN (A) 3767/2022","ORDIN (A) 3767 21/04/2022 - Portal Legislativ"
"https://legislatie.just.ro/Public/DetaliiDocumentAfis/245094","ORD DE URGENTA (R) 158/1999","ORD DE URGENTA (R) 158 19/10/1999 - Portal Legislativ"
"https://legislatie.just.ro/Public/DetaliiDocumentAfis/254214","ORD DE URGENTA 43/2022","ORD DE URGENTA 43 14/04/2022 - Portal Legislativ"
"https://legislatie.just.ro/Public/DetaliiDocumentAfis/261285","HOTARARE 1359/2022","HOTARARE 1359 09/11/2022 - Portal Legislativ"
"https://legislatie.just.ro/Public/DetaliiDocumentAfis/261052","HOTARARE (A) 781/2014","HOTARARE (A) 781 10/09/2014 - Portal Legislativ"
"https://legislatie.just.ro/Public/DetaliiDocumentAfis/269462","HOTARARE (A) 520/2013","HOTARARE (A) 520 24/07/2013 - Portal Legislativ"
"https://legislatie.just.ro/Public/DetaliiDocumentAfis/269737","HOTARARE (A) 237/2022","HOTARARE (A) 237 16/02/2022 - Portal Legislativ"
"https://legislatie.just.ro/Public/DetaliiDocumentAfis/256351","HOTARARE (A) 791/2009","HOTARARE (A) 791 08/07/2009 - Portal Legislativ"
"https://legislatie.just.ro/Public/DetaliiDocumentAfis/175187","CONVENŢIE (A) 1950","CONVENŢIE (A) 04/11/1950 - Portal Legislativ"
"https://legislatie.just.ro/Public/DetaliiDocumentAfis/271372","ORDIN 955/2023","ORDIN 955 19/04/2023 - Portal Legislativ"
"https://legislatie.just.ro/Public/DetaliiDocumentAfis/278365","LEGE (R) 17/2000","LEGE (R) 17 06/03/2000 - Portal Legislativ"
"https://legislatie.just.ro/Public/DetaliiDocumentAfis/269752","LEGE (A) 153/2017","LEGE (A) 153 28/06/2017 - Portal Legislativ"
"https://legislatie.just.ro/Public/DetaliiDocumentAfis/268297","CODUL MUNCII (A) 2003","CODUL MUNCII (A) 24/01/2003 - Portal Legislativ"
"https://legislatie.just.ro/Public/DetaliiDocumentAfis/269770","HOTARARE (A) 23/2022","HOTARARE (A) 23 05/01/2022 - Portal Legislativ"
"https://legislatie.just.ro/Public/DetaliiDocumentAfis/244583","ORDONANTA (A) 42/2004","ORDONANTA (A) 42 29/01/2004 - Portal Legislativ"
"https://legislatie.just.ro/Public/DetaliiDocumentAfis/241322","NORMA (A) 2010","NORMA (A) 16/03/2010 - Portal Legislativ"
"https://legislatie.just.ro/Public/DetaliiDocumentAfis/170270","ORDIN (A) 45/2010","ORDIN (A) 45 17/05/2010 - Portal Legislativ"
"https://legislatie.just.ro/Public/DetaliiDocumentAfis/170271","NORMĂ (A) 2010","NORMĂ (A) 17/05/2010 - Portal Legislativ"
"https://legislatie.just.ro/Public/DetaliiDocumentAfis/155555","LEGE (A) 215/2004","LEGE (A) 215 27/05/2004 - Portal Legislativ"
"https://legislatie.just.ro/Public/DetaliiDocumentAfis/255384","HOTARARE (A) 1415/2009","HOTARARE (A) 1415 18/11/2009 - Portal Legislativ"
"https://legislatie.just.ro/Public/DetaliiDocumentAfis/229423","NORMA (A) 2014","NORMA (A) 07/01/2014 - Portal Legislativ"
"https://legislatie.just.ro/Public/DetaliiDocumentAfis/229422","ORDIN (A) 1/2014","ORDIN (A) 1 07/01/2014 - Portal Legislativ"
"https://legislatie.just.ro/Public/DetaliiDocumentAfis/241321","ORDIN (A) 16/2010","ORDIN (A) 16 16/03/2010 - Portal Legislativ"
"https://legislatie.just.ro/Public/DetaliiDocumentAfis/179874","ORDIN 1889/2016","ORDIN 1889 24/06/2016 - Portal Legislativ"
"https://legislatie.just.ro/Public/DetaliiDocumentAfis/179875","NORMĂ 2016","NORMĂ 24/06/2016 - Portal Legislativ"
"https://legislatie.just.ro/Public/DetaliiDocumentAfis/175312","OUG (A) 107/2002","OUG (A) 107 05/09/2002 - Portal Legislativ"
"https://legislatie.just.ro/Public/DetaliiDocumentAfis/199585","DECIZIE 14/2018","DECIZIE 14 05/03/2018 - Portal Legislativ"
"https://legislatie.just.ro/Public/DetaliiDocumentAfis/269412","LEGE (A) 47/1992","LEGE (A) 47 18/05/1992 - Portal Legislativ"
"https://legislatie.just.ro/Public/DetaliiDocumentAfis/47355","CONSTITUTIE (R) 1991","CONSTITUTIE (R) 21/11/1991 - Portal Legislativ"
"https://legislatie.just.ro/Public/DetaliiDocumentAfis/271163","ORD DE URGENTA 52/2023","ORD DE URGENTA 52 31/05/2023 - Portal Legislativ"
"https://legislatie.just.ro/Public/DetaliiDocumentAfis/130533","DECIZIE 766/2011","DECIZIE 766 15/06/2011 - Portal Legislativ"
"https://legislatie.just.ro/Public/DetaliiDocumentAfis/162263","LEGE (A) 76/2012","LEGE (A) 76 24/05/2012 - Portal Legislativ"
"https://legislatie.just.ro/Public/DetaliiDocumentAfis/265005","COD PR CIVILA (A) 2010","COD PR CIVILA (A) 01/07/2010 - Portal Legislativ"
"https://legislatie.just.ro/Public/DetaliiDocumentAfis/267924","ORD DE URGENTA (A) 107/2002","ORD DE URGENTA (A) 107 05/09/2002 - Portal Legislativ"
"https://legislatie.just.ro/Public/DetaliiDocumentAfis/106122","COD PR. CIVILA (A) 2009","COD PR. CIVILA (A) 15/05/2009 - Portal Legislativ"
"https://legislatie.just.ro/Public/DetaliiDocumentAfis/127608","DECIZIE 179/2011","DECIZIE 179 08/02/2011 - Portal Legislativ"
"https://legislatie.just.ro/Public/DetaliiDocumentAfis/267923","LEGE (A) 107/1996","LEGE (A) 107 25/09/1996 - Portal Legislativ"
"https://legislatie.just.ro/Public/DetaliiDocumentAfis/269105","LEGE (A) 18/1991","LEGE (A) 18 19/02/1991 - Portal Legislativ"
"https://legislatie.just.ro/Public/DetaliiDocumentAfis/220222","LEGE (A) 10/2001","LEGE (A) 10 08/02/2001 - Portal Legislativ"
"https://legislatie.just.ro/Public/DetaliiDocumentAfis/191456","DECIZIE 369/2017","DECIZIE 369 30/05/2017 - Portal Legislativ"
"https://legislatie.just.ro/Public/DetaliiDocumentAfis/279001","REGULAMENT 2024","REGULAMENT 30/01/2024 - Portal Legislativ"
"https://legislatie.just.ro/Public/DetaliiDocumentAfis/269152","LEGE (A) 305/2022","LEGE (A) 305 15/11/2022 - Portal Legislativ"
"https://legislatie.just.ro/Public/DetaliiDocumentAfis/208622","HOTARARE 1074/2018","HOTARARE 1074 03/12/2018 - Portal Legislativ"
"https://legislatie.just.ro/Public/DetaliiDocumentAfis/208623","REGULAMENT 2018","REGULAMENT 03/12/2018 - Portal Legislativ"
"https://legislatie.just.ro/Public/DetaliiDocumentAfis/279002","REGULAMENT 2024","REGULAMENT 01/02/2024 - Portal Legislativ"
"https://legislatie.just.ro/Public/DetaliiDocumentAfis/278885","HOTARARE 123/2023","HOTARARE 123 12/12/2023 - Portal Legislativ"
"https://legislatie.just.ro/Public/DetaliiDocumentAfis/258956","LEGE (A) 129/2019","LEGE (A) 129 11/07/2019 - Portal Legislativ"
"https://legislatie.just.ro/Public/DetaliiDocumentAfis/106769","LEGE 217/2009","LEGE 217 02/06/2009 - Portal Legislativ"
"https://legislatie.just.ro/Public/DetaliiDocumentAfis/255388","ORD DE URGENTA (A) 202/2008","ORD DE URGENTA (A) 202 04/12/2008 - Portal Legislativ"
"https://legislatie.just.ro/Public/DetaliiDocumentAfis/239394","HOTARARE (A) 603/2011","HOTARARE (A) 603 08/06/2011 - Portal Legislativ"
"https://legislatie.just.ro/Public/DetaliiDocumentAfis/239395","NORMA (A) 2011","NORMA (A) 08/06/2011 - Portal Legislativ"
"https://legislatie.just.ro/Public/DetaliiDocumentAfis/238976","ORDIN 37/2021","ORDIN 37 02/03/2021 - Portal Legislativ"
"https://legislatie.just.ro/Public/DetaliiDocumentAfis/238977","NORMA 2021","NORMA 02/03/2021 - Portal Legislativ"
"https://legislatie.just.ro/Public/DetaliiDocumentAfis/278893","METODOLOGIE 2024","METODOLOGIE 01/02/2024 - Portal Legislativ"
"https://legislatie.just.ro/Public/DetaliiDocumentAfis/277921","LEGE (A) 199/2023","LEGE (A) 199 04/07/2023 - Portal Legislativ"
"https://legislatie.just.ro/Public/DetaliiDocumentAfis/278334","ORDIN 3020/2024","ORDIN 3020 08/01/2024 - Portal Legislativ"
"https://legislatie.just.ro/Public/DetaliiDocumentAfis/278335","REGULAMENT 2024","REGULAMENT 08/01/2024 - Portal Legislativ"
"https://legislatie.just.ro/Public/DetaliiDocumentAfis/269259","LEGE (A) 448/2006","LEGE (A) 448 06/12/2006 - Portal Legislativ"
"https://legislatie.just.ro/Public/DetaliiDocumentAfis/268613","HOTARARE (A) 369/2021","HOTARARE (A) 369 29/03/2021 - Portal Legislativ"
"https://legislatie.just.ro/Public/DetaliiDocumentAfis/251793","ORDIN 3102/2022","ORDIN 3102 08/02/2022 - Portal Legislativ"
"https://legislatie.just.ro/Public/DetaliiDocumentAfis/251794","METODOLOGIE 2022","METODOLOGIE 08/02/2022 - Portal Legislativ"
"https://legislatie.just.ro/Public/DetaliiDocumentAfis/278892","ORDIN 3693/2024","ORDIN 3693 01/02/2024 - Portal Legislativ"
"https://legislatie.just.ro/Public/DetaliiDocumentAfis/204092","LEGE (A) 288/2004","LEGE (A) 288 24/06/2004 - Portal Legislativ"
"https://legislatie.just.ro/Public/DetaliiDocumentAfis/268133","ORD DE URGENTA (A) 41/2016","ORD DE URGENTA (A) 41 28/06/2016 - Portal Legislativ"
"https://legislatie.just.ro/Public/DetaliiDocumentAfis/191442","LEGE 179/2017","LEGE 179 18/07/2017 - Portal Legislativ"
"https://legislatie.just.ro/Public/DetaliiDocumentAfis/277920","LEGE (A) 198/2023","LEGE (A) 198 04/07/2023 - Portal Legislativ"
"https://legislatie.just.ro/Public/DetaliiDocumentAfis/269709","ORD DE URGENTA (A) 57/2019","ORD DE URGENTA (A) 57 03/07/2019 - Portal Legislativ"
"https://legislatie.just.ro/Public/DetaliiDocumentAfis/254014","ORDONANTA (A) 2/2001","ORDONANTA (A) 2 12/07/2001 - Portal Legislativ"
"https://legislatie.just.ro/Public/DetaliiDocumentAfis/218386","DECIZIE 35/2019","DECIZIE 35 24/06/2019 - Portal Legislativ"
"https://legislatie.just.ro/Public/DetaliiDocumentAfis/185132","DECIZIE 44/2016","DECIZIE 44 21/11/2016 - Portal Legislativ"
"https://legislatie.just.ro/Public/DetaliiDocumentAfis/35433","LEGE 180/2002","LEGE 180 11/04/2002 - Portal Legislativ"
"https://legislatie.just.ro/Public/DetaliiDocumentAfis/269077","REGULAMENT (A) 2023","REGULAMENT (A) 14/03/2023 - Portal Legislativ"
"https://legislatie.just.ro/Public/DetaliiDocumentAfis/269076","HOTARARE (A) 20/2023","HOTARARE (A) 20 14/03/2023 - Portal Legislativ"
"https://legislatie.just.ro/Public/DetaliiDocumentAfis/261311","DECIZIE 49/2022","DECIZIE 49 19/09/2022 - Portal Legislativ"
"https://legislatie.just.ro/Public/DetaliiDocumentAfis/178870","OUG (A) 126/2005","OUG (A) 126 08/09/2005 - Portal Legislativ"
"https://legislatie.just.ro/Public/DetaliiDocumentAfis/268788","LEGE (A) 500/2002","LEGE (A) 500 11/07/2002 - Portal Legislativ"
"https://legislatie.just.ro/Public/DetaliiDocumentAfis/269961","LEGE (A) 69/2010","LEGE (A) 69 16/04/2010 - Portal Legislativ"
"https://legislatie.just.ro/Public/DetaliiDocumentAfis/278662","ORD DE URGENTA (A) 126/2005","ORD DE URGENTA (A) 126 08/09/2005 - Portal Legislativ"
"https://legislatie.just.ro/Public/DetaliiDocumentAfis/71897","LEGE 168/2006","LEGE 168 15/05/2006 - Portal Legislativ"
"https://legislatie.just.ro/Public/DetaliiDocumentAfis/278657","HOTARARE (A) 518/1995","HOTARARE (A) 518 10/07/1995 - Portal Legislativ"
"https://legislatie.just.ro/Public/DetaliiDocumentAfis/259943","LEGE (A) 98/2016","LEGE (A) 98 19/05/2016 - Portal Legislativ"
"https://legislatie.just.ro/Public/DetaliiDocumentAfis/136147","HG (A) 625/1998","HG (A) 625 24/09/1998 - Portal Legislativ"
"https://legislatie.just.ro/Public/DetaliiDocumentAfis/265993","HOTARARE (A) 370/2021","HOTARARE (A) 370 29/03/2021 - Portal Legislativ"
"https://legislatie.just.ro/Public/DetaliiDocumentAfis/269781","LEGE (A) 303/2022","LEGE (A) 303 15/11/2022 - Portal Legislativ"
"https://legislatie.just.ro/Public/DetaliiDocumentAfis/257048","ORD DE URGENTA (A) 22/2009","ORD DE URGENTA (A) 22 11/03/2009 - Portal Legislativ"
"https://legislatie.just.ro/Public/DetaliiDocumentAfis/139857","LEGE 140/2012","LEGE 140 18/07/2012 - Portal Legislativ"
"https://legislatie.just.ro/Public/DetaliiDocumentAfis/268624","ORD DE URGENTA (A) 111/2011","ORD DE URGENTA (A) 111 14/12/2011 - Portal Legislativ"
"https://legislatie.just.ro/Public/DetaliiDocumentAfis/267768","ORD DE URGENTA (A) 34/2008","ORD DE URGENTA (A) 34 19/03/2008 - Portal Legislativ"
"https://legislatie.just.ro/Public/DetaliiDocumentAfis/97720","LEGE 160/2008","LEGE 160 26/09/2008 - Portal Legislativ"
"https://legislatie.just.ro/Public/DetaliiDocumentAfis/243213","LEGE 163/2021","LEGE 163 11/06/2021 - Portal Legislativ"
"https://legislatie.just.ro/Public/DetaliiDocumentAfis/267933","DECIZIE (A) 336/2013","DECIZIE (A) 336 15/05/2013 - Portal Legislativ"
"https://legislatie.just.ro/Public/DetaliiDocumentAfis/152159","DECIZIE (A) 512/2013","DECIZIE (A) 512 01/08/2013 - Portal Legislativ"
"https://legislatie.just.ro/Public/DetaliiDocumentAfis/278668","DECIZIE (A) 512/2013","DECIZIE (A) 512 01/08/2013 - Portal Legislativ"
"https://legislatie.just.ro/Public/DetaliiDocumentAfis/119738","LEGE 113/2010","LEGE 113 16/06/2010 - Portal Legislativ"
"https://legislatie.just.ro/Public/DetaliiDocumentAfis/232012","DECIZIE 572/2020","DECIZIE 572 27/10/2020 - Portal Legislativ"
"https://legislatie.just.ro/Public/DetaliiDocumentAfis/232013","NORMA 2020","NORMA 27/10/2020 - Portal Legislativ"
"https://legislatie.just.ro/Public/DetaliiDocumentAfis/219566","LEGE 204/2019","LEGE 204 07/11/2019 - Portal Legislativ"
"https://legislatie.just.ro/Public/DetaliiDocumentAfis/228075","ORD DE URGENTA (A) 49/2019","ORD DE URGENTA (A) 49 25/06/2019 - Portal Legislativ"
"https://legislatie.just.ro/Public/DetaliiDocumentAfis/263395","HOTARARE (A) 89/2020","HOTARARE (A) 89 28/01/2020 - Portal Legislativ"
"https://legislatie.just.ro/Public/DetaliiDocumentAfis/278940","METODOLOGIE 2024","METODOLOGIE 01/02/2024 - Portal Legislativ"
"https://legislatie.just.ro/Public/DetaliiDocumentAfis/22010","LEGE 60/2000","LEGE 60 24/04/2000 - Portal Legislativ"
"https://legislatie.just.ro/Public/DetaliiDocumentAfis/258122","ORDIN (A) 3106/2022","ORDIN (A) 3106 09/02/2022 - Portal Legislativ"
"https://legislatie.just.ro/Public/DetaliiDocumentAfis/258123","METODOLOGIE (A) 2022","METODOLOGIE (A) 09/02/2022 - Portal Legislativ"
"https://legislatie.just.ro/Public/DetaliiDocumentAfis/278939","ORDIN 3691/2024","ORDIN 3691 01/02/2024 - Portal Legislativ"
"https://legislatie.just.ro/Public/DetaliiDocumentAfis/268602","LEGE (A) 1/2011","LEGE (A) 1 05/01/2011 - Portal Legislativ"
"https://legislatie.just.ro/Public/DetaliiDocumentAfis/466","LEGE 28/1978","LEGE 28 21/12/1978 - Portal Legislativ"
"https://legislatie.just.ro/Public/DetaliiDocumentAfis/120269","LEGE (A) 84/1995","LEGE (A) 84 24/07/1995 - Portal Legislativ"
"https://legislatie.just.ro/Public/DetaliiDocumentAfis/278942","REGULAMENT 2024","REGULAMENT 08/02/2024 - Portal Legislativ"
"https://legislatie.just.ro/Public/DetaliiDocumentAfis/269846","LEGE (A) 215/2016","LEGE (A) 215 11/11/2016 - Portal Legislativ"
"https://legislatie.just.ro/Public/DetaliiDocumentAfis/278941","HOTARARE 112/2024","HOTARARE 112 08/02/2024 - Portal Legislativ"
"https://legislatie.just.ro/Public/DetaliiDocumentAfis/278951","PROCEDURA 2024","PROCEDURA 07/02/2024 - Portal Legislativ"
"https://legislatie.just.ro/Public/DetaliiDocumentAfis/73606","LEGE 324/2006","LEGE 324 14/07/2006 - Portal Legislativ"
"https://legislatie.just.ro/Public/DetaliiDocumentAfis/256298","ORDONANTA (A) 137/2000","ORDONANTA (A) 137 31/08/2000 - Portal Legislativ"
"https://legislatie.just.ro/Public/DetaliiDocumentAfis/92178","ORDIN 144/2008","ORDIN 144 11/04/2008 - Portal Legislativ"
"https://legislatie.just.ro/Public/DetaliiDocumentAfis/92179","PROCEDURA 2008","PROCEDURA 11/04/2008 - Portal Legislativ"
"https://legislatie.just.ro/Public/DetaliiDocumentAfis/278950","ORDIN 27/2024","ORDIN 27 07/02/2024 - Portal Legislativ"
"https://legislatie.just.ro/Public/DetaliiDocumentAfis/269217","LEGE (A) 80/1995","LEGE (A) 80 11/07/1995 - Portal Legislativ"
"https://legislatie.just.ro/Public/DetaliiDocumentAfis/168229","LEGE (A) 415/2002","LEGE (A) 415 27/06/2002 - Portal Legislativ"
"https://legislatie.just.ro/Public/DetaliiDocumentAfis/269787","LEGE (A) 223/2015","LEGE (A) 223 24/07/2015 - Portal Legislativ"
"https://legislatie.just.ro/Public/DetaliiDocumentAfis/235805","HOTARARE 1120/2020","HOTARARE 1120 30/12/2020 - Portal Legislativ"
"https://legislatie.just.ro/Public/DetaliiDocumentAfis/268024","LEGE (A) 255/2010","LEGE (A) 255 14/12/2010 - Portal Legislativ"
"https://legislatie.just.ro/Public/DetaliiDocumentAfis/278658","LEGE (A) 421/2023","LEGE (A) 421 28/12/2023 - Portal Legislativ"
"https://legislatie.just.ro/Public/DetaliiDocumentAfis/241404","ORDONANTA (A) 81/2003","ORDONANTA (A) 81 28/08/2003 - Portal Legislativ"
"https://legislatie.just.ro/Public/DetaliiDocumentAfis/180380","HG (A) 1705/2006","HG (A) 1705 29/11/2006 - Portal Legislativ"
"https://legislatie.just.ro/Public/DetaliiDocumentAfis/25001","HG 1038/2000","HG 1038 06/11/2000 - Portal Legislativ"
"https://legislatie.just.ro/Public/DetaliiDocumentAfis/47892","LEGE 493/2003","LEGE 493 18/11/2003 - Portal Legislativ"
"https://legislatie.just.ro/Public/DetaliiDocumentAfis/255190","COD CIVIL (A) 2016","COD CIVIL (A) 04/07/2016 - Portal Legislativ"
"https://legislatie.just.ro/Public/DetaliiDocumentAfis/269854","HOTARARE (A) 832/2022","HOTARARE (A) 832 27/06/2022 - Portal Legislativ"
"https://legislatie.just.ro/Public/DetaliiDocumentAfis/230221","LEGE (A) 263/2010","LEGE (A) 263 16/12/2010 - Portal Legislativ"
"https://legislatie.just.ro/Public/DetaliiDocumentAfis/208557","DECIZIE 69/2018","DECIZIE 69 15/10/2018 - Portal Legislativ"
"https://legislatie.just.ro/Public/DetaliiDocumentAfis/169553","LEGE 192/2015","LEGE 192 07/07/2015 - Portal Legislativ"
"https://legislatie.just.ro/Public/DetaliiDocumentAfis/265024","NORMA (A) 2011","NORMA (A) 20/03/2011 - Portal Legislativ"
"https://legislatie.just.ro/Public/DetaliiDocumentAfis/265023","HOTARARE (A) 257/2011","HOTARARE (A) 257 20/03/2011 - Portal Legislativ"
"https://legislatie.just.ro/Public/DetaliiDocumentAfis/263103","DECIZIE 52/2022","DECIZIE 52 28/09/2022 - Portal Legislativ"
"https://legislatie.just.ro/Public/DetaliiDocumentAfis/189113","HOTARARE 291/2017","HOTARARE 291 05/05/2017 - Portal Legislativ"
"https://legislatie.just.ro/Public/DetaliiDocumentAfis/262035","LEGE (A) 24/2000","LEGE (A) 24 27/03/2000 - Portal Legislativ"
"https://legislatie.just.ro/Public/DetaliiDocumentAfis/223575","LEGE (A) 3/1977","LEGE (A) 3 30/06/1977 - Portal Legislativ"
"https://legislatie.just.ro/Public/DetaliiDocumentAfis/202426","ORD DE URGENTA (A) 100/2008","ORD DE URGENTA (A) 100 27/08/2008 - Portal Legislativ"
"https://legislatie.just.ro/Public/DetaliiDocumentAfis/117512","LEGE (A) 19/2000","LEGE (A) 19 17/03/2000 - Portal Legislativ"
"https://legislatie.just.ro/Public/DetaliiDocumentAfis/203249","LEGE 221/2018","LEGE 221 27/07/2018 - Portal Legislativ"
"https://legislatie.just.ro/Public/DetaliiDocumentAfis/219720","DECIZIE 463/2019","DECIZIE 463 11/07/2019 - Portal Legislativ"
"https://legislatie.just.ro/Public/DetaliiDocumentAfis/98697","LEGE 218/2008","LEGE 218 27/10/2008 - Portal Legislativ"
"https://legislatie.just.ro/Public/DetaliiDocumentAfis/95921","DECIZIE 627/2008","DECIZIE 627 29/05/2008 - Portal Legislativ"
"https://legislatie.just.ro/Public/DetaliiDocumentAfis/132796","DECIZIE 1116/2011","DECIZIE 1116 08/09/2011 - Portal Legislativ"
"https://legislatie.just.ro/Public/DetaliiDocumentAfis/263124","DECIZIE 427/2022","DECIZIE 427 29/09/2022 - Portal Legislativ"
"https://legislatie.just.ro/Public/DetaliiDocumentAfis/248906","DECIZIE 596/2021","DECIZIE 596 30/09/2021 - Portal Legislativ"
"https://legislatie.just.ro/Public/DetaliiDocumentAfis/248654","DECIZIE 577/2021","DECIZIE 577 16/09/2021 - Portal Legislativ"
"https://legislatie.just.ro/Public/DetaliiDocumentAfis/247657","DECIZIE 506/2021","DECIZIE 506 13/07/2021 - Portal Legislativ"
"https://legislatie.just.ro/Public/DetaliiDocumentAfis/247696","DECIZIE 454/2021","DECIZIE 454 29/06/2021 - Portal Legislativ"
"https://legislatie.just.ro/Public/DetaliiDocumentAfis/247900","DECIZIE 281/2021","DECIZIE 281 27/04/2021 - Portal Legislativ"
"https://legislatie.just.ro/Public/DetaliiDocumentAfis/243718","DECIZIE 230/2021","DECIZIE 230 06/04/2021 - Portal Legislativ"
"https://legislatie.just.ro/Public/DetaliiDocumentAfis/239116","DECIZIE 836/2020","DECIZIE 836 17/11/2020 - Portal Legislativ"
"https://legislatie.just.ro/Public/DetaliiDocumentAfis/242840","DECIZIE 182/2021","DECIZIE 182 16/03/2021 - Portal Legislativ"
"https://legislatie.just.ro/Public/DetaliiDocumentAfis/211335","ORDIN (A) 2873/2016","ORDIN (A) 2873 16/12/2016 - Portal Legislativ"
"https://legislatie.just.ro/Public/DetaliiDocumentAfis/269732","ORDONANTA (A) 26/2013","ORDONANTA (A) 26 21/08/2013 - Portal Legislativ"
"https://legislatie.just.ro/Public/DetaliiDocumentAfis/157617","LEGE 47/2014","LEGE 47 17/04/2014 - Portal Legislativ"
"https://legislatie.just.ro/Public/DetaliiDocumentAfis/269526","ORD DE URGENTA (A) 109/2011","ORD DE URGENTA (A) 109 30/11/2011 - Portal Legislativ"
"https://legislatie.just.ro/Public/DetaliiDocumentAfis/178925","LEGE 111/2016","LEGE 111 27/05/2016 - Portal Legislativ"
"https://legislatie.just.ro/Public/DetaliiDocumentAfis/269461","HOTARARE (A) 34/2009","HOTARARE (A) 34 22/01/2009 - Portal Legislativ"
"https://legislatie.just.ro/Public/DetaliiDocumentAfis/192638","LEGE (A) 255/2010","LEGE (A) 255 14/12/2010 - Portal Legislativ"
"https://legislatie.just.ro/Public/DetaliiDocumentAfis/203910","LEGE 233/2018","LEGE 233 09/08/2018 - Portal Legislativ"
"https://legislatie.just.ro/Public/DetaliiDocumentAfis/172654","COD FISCAL (A) 2003","COD FISCAL (A) 22/12/2003 - Portal Legislativ"
"https://legislatie.just.ro/Public/DetaliiDocumentAfis/135967","DECIZIE 29/2012","DECIZIE 29 19/01/2012 - Portal Legislativ"
"https://legislatie.just.ro/Public/DetaliiDocumentAfis/265621","DECIZIE 419/2022","DECIZIE 419 22/09/2022 - Portal Legislativ"
"https://legislatie.just.ro/Public/DetaliiDocumentAfis/240284","DECIZIE 44/2021","DECIZIE 44 26/01/2021 - Portal Legislativ"
"https://legislatie.just.ro/Public/DetaliiDocumentAfis/214928","DECIZIE 14/2019","DECIZIE 14 11/06/2019 - Portal Legislativ"
"https://legislatie.just.ro/Public/DetaliiDocumentAfis/209293","LEGE (A) 255/2010","LEGE (A) 255 14/12/2010 - Portal Legislativ"
"https://legislatie.just.ro/Public/DetaliiDocumentAfis/249209","DECIZIE 78/2021","DECIZIE 78 15/11/2021 - Portal Legislativ"
"https://legislatie.just.ro/Public/DetaliiDocumentAfis/232244","LEGE (A) 33/1994","LEGE (A) 33 27/05/1994 - Portal Legislativ"
"https://legislatie.just.ro/Public/DetaliiDocumentAfis/264818","DECIZIE 450/2022","DECIZIE 450 25/10/2022 - Portal Legislativ"
"https://legislatie.just.ro/Public/DetaliiDocumentAfis/268205","ORDIN (A) 572/2019","ORDIN (A) 572 11/06/2019 - Portal Legislativ"
"https://legislatie.just.ro/Public/DetaliiDocumentAfis/269178","ORD DE URGENTA (A) 196/2005","ORD DE URGENTA (A) 196 22/12/2005 - Portal Legislativ"
"https://legislatie.just.ro/Public/DetaliiDocumentAfis/71301","LEGE 105/2006","LEGE 105 25/04/2006 - Portal Legislativ"
"https://legislatie.just.ro/Public/DetaliiDocumentAfis/269492","COD PR FISCALA (A) 2015","COD PR FISCALA (A) 20/07/2015 - Portal Legislativ"
"https://legislatie.just.ro/Public/DetaliiDocumentAfis/265072","HOTARARE (A) 43/2020","HOTARARE (A) 43 16/01/2020 - Portal Legislativ"
"https://legislatie.just.ro/Public/DetaliiDocumentAfis/266444","REGULAMENT 2023","REGULAMENT 29/03/2023 - Portal Legislativ"
"https://legislatie.just.ro/Public/DetaliiDocumentAfis/266435","HOTARARE 277/2023","HOTARARE 277 29/03/2023 - Portal Legislativ"
"https://legislatie.just.ro/Public/DetaliiDocumentAfis/24082","OG 112/2000","OG 112 31/08/2000 - Portal Legislativ"
"https://legislatie.just.ro/Public/DetaliiDocumentAfis/28566","LEGE 246/2001","LEGE 246 16/05/2001 - Portal Legislativ"
"https://legislatie.just.ro/Public/DetaliiDocumentAfis/225208","ORD DE URGENTA (A) 57/2019","ORD DE URGENTA (A) 57 03/07/2019 - Portal Legislativ"
"https://legislatie.just.ro/Public/DetaliiDocumentAfis/154466","DECIZIE 530/2013","DECIZIE 530 12/12/2013 - Portal Legislativ"
"https://legislatie.just.ro/Public/DetaliiDocumentAfis/264842","HOTARARE (A) 82/2022","HOTARARE (A) 82 07/12/2022 - Portal Legislativ"
"https://legislatie.just.ro/Public/DetaliiDocumentAfis/278469","REGULAMENT (R) 1994","REGULAMENT (R) 24/02/1994 - Portal Legislativ"
"https://legislatie.just.ro/Public/DetaliiDocumentAfis/269336","HOTARARE (A) 8/1994","HOTARARE (A) 8 24/02/1994 - Portal Legislativ"
"https://legislatie.just.ro/Public/DetaliiDocumentAfis/238245","HOTARARE 21/2021","HOTARARE 21 24/02/2021 - Portal Legislativ"
"https://legislatie.just.ro/Public/DetaliiDocumentAfis/154043","LEGE 373/2013","LEGE 373 18/12/2013 - Portal Legislativ"
"https://legislatie.just.ro/Public/DetaliiDocumentAfis/170237","STATUT (A) 1990","STATUT (A) 04/12/1990 - Portal Legislativ"
"https://legislatie.just.ro/Public/DetaliiDocumentAfis/170236","LEGE (A) 35/1990","LEGE (A) 35 04/12/1990 - Portal Legislativ"
"https://legislatie.just.ro/Public/DetaliiDocumentAfis/251990","COD AERIAN (A) 2020","COD AERIAN (A) 18/03/2020 - Portal Legislativ"
"https://legislatie.just.ro/Public/DetaliiDocumentAfis/268128","LEGE (A) 346/2006","LEGE (A) 346 21/07/2006 - Portal Legislativ"
"https://legislatie.just.ro/Public/DetaliiDocumentAfis/269252","ORD DE URGENTA (A) 57/2007","ORD DE URGENTA (A) 57 20/06/2007 - Portal Legislativ"
"https://legislatie.just.ro/Public/DetaliiDocumentAfis/127715","LEGE 49/2011","LEGE 49 07/04/2011 - Portal Legislativ"
"https://legislatie.just.ro/Public/DetaliiDocumentAfis/235999","LEGE 3/2021","LEGE 3 08/01/2021 - Portal Legislativ"
"https://legislatie.just.ro/Public/DetaliiDocumentAfis/269055","ORD DE URGENTA (A) 144/2008","ORD DE URGENTA (A) 144 28/10/2008 - Portal Legislativ"
"https://legislatie.just.ro/Public/DetaliiDocumentAfis/157625","LEGE 53/2014","LEGE 53 17/04/2014 - Portal Legislativ"
"https://legislatie.just.ro/Public/DetaliiDocumentAfis/268633","HOTARARE (A) 144/2010","HOTARARE (A) 144 23/02/2010 - Portal Legislativ"
"https://legislatie.just.ro/Public/DetaliiDocumentAfis/278884","HOTARARE 247/2024","HOTARARE 247 01/02/2024 - Portal Legislativ"
"https://legislatie.just.ro/Public/DetaliiDocumentAfis/268234","NORMA (A) 2016","NORMA (A) 12/12/2016 - Portal Legislativ"
"https://legislatie.just.ro/Public/DetaliiDocumentAfis/267740","LEGE (A) 46/2003","LEGE (A) 46 21/01/2003 - Portal Legislativ"
"https://legislatie.just.ro/Public/DetaliiDocumentAfis/268233","ORDIN (A) 1410/2016","ORDIN (A) 1410 12/12/2016 - Portal Legislativ"
"https://legislatie.just.ro/Public/DetaliiDocumentAfis/274891","ORDIN 5938/2023","ORDIN 5938 30/08/2023 - Portal Legislativ"
"https://legislatie.just.ro/Public/DetaliiDocumentAfis/278687","ORDIN (A) 5938/2023","ORDIN (A) 5938 30/08/2023 - Portal Legislativ"
"https://legislatie.just.ro/Public/DetaliiDocumentAfis/224679","LEGE 42/2020","LEGE 42 03/04/2020 - Portal Legislativ"
"https://legislatie.just.ro/Public/DetaliiDocumentAfis/269870","LEGE (A) 85/2014","LEGE (A) 85 25/06/2014 - Portal Legislativ"
"https://legislatie.just.ro/Public/DetaliiDocumentAfis/264360","DECIZIE 27/2022","DECIZIE 27 12/12/2022 - Portal Legislativ"
"https://legislatie.just.ro/Public/DetaliiDocumentAfis/258924","LEGE (A) 303/2004","LEGE (A) 303 28/06/2004 - Portal Legislativ"
"https://legislatie.just.ro/Public/DetaliiDocumentAfis/113233","OUG (A) 27/2006","OUG (A) 27 29/03/2006 - Portal Legislativ"
"https://legislatie.just.ro/Public/DetaliiDocumentAfis/172384","DECIZIE 23/2015","DECIZIE 23 29/06/2015 - Portal Legislativ"
"https://legislatie.just.ro/Public/DetaliiDocumentAfis/65634","NORMA 2005","NORMA 18/10/2005 - Portal Legislativ"
"https://legislatie.just.ro/Public/DetaliiDocumentAfis/65633","HG 1275/2005","HG 1275 18/10/2005 - Portal Legislativ"
"https://legislatie.just.ro/Public/DetaliiDocumentAfis/83727","OG (A) 10/2007","OG (A) 10 31/01/2007 - Portal Legislativ"
"https://legislatie.just.ro/Public/DetaliiDocumentAfis/95259","OUG (A) 24/2000","OUG (A) 24 30/03/2000 - Portal Legislativ"
"https://legislatie.just.ro/Public/DetaliiDocumentAfis/100898","LEGE (A) 154/1998","LEGE (A) 154 15/07/1998 - Portal Legislativ"
"https://legislatie.just.ro/Public/DetaliiDocumentAfis/83595","LEGE 231/2007","LEGE 231 06/07/2007 - Portal Legislativ"
"https://legislatie.just.ro/Public/DetaliiDocumentAfis/202665","DECIZIE 36/2018","DECIZIE 36 16/07/2018 - Portal Legislativ"
"https://legislatie.just.ro/Public/DetaliiDocumentAfis/184762","OUG (A) 83/2014","OUG (A) 83 12/12/2014 - Portal Legislativ"
"https://legislatie.just.ro/Public/DetaliiDocumentAfis/190467","LEGE (A) 71/2015","LEGE (A) 71 03/04/2015 - Portal Legislativ"
"https://legislatie.just.ro/Public/DetaliiDocumentAfis/213418","DECIZIE 7/2019","DECIZIE 7 11/02/2019 - Portal Legislativ"
"https://legislatie.just.ro/Public/DetaliiDocumentAfis/223567","LEGE (A) 330/2009","LEGE (A) 330 05/11/2009 - Portal Legislativ"
"https://legislatie.just.ro/Public/DetaliiDocumentAfis/229061","DECIZIE 11/2020","DECIZIE 11 04/05/2020 - Portal Legislativ"
"https://legislatie.just.ro/Public/DetaliiDocumentAfis/91430","OUG (A) 27/2006","OUG (A) 27 29/03/2006 - Portal Legislativ"
"https://legislatie.just.ro/Public/DetaliiDocumentAfis/236548","DECIZIE 763/2020","DECIZIE 763 22/10/2020 - Portal Legislativ"
"https://legislatie.just.ro/Public/DetaliiDocumentAfis/154646","DECIZIE 1/2013","DECIZIE 1 18/11/2013 - Portal Legislativ"
"https://legislatie.just.ro/Public/DetaliiDocumentAfis/157244","DECIZIE 2/2014","DECIZIE 2 17/02/2014 - Portal Legislativ"
"https://legislatie.just.ro/Public/DetaliiDocumentAfis/168885","DECIZIE 8/2015","DECIZIE 8 27/04/2015 - Portal Legislativ"
"https://legislatie.just.ro/Public/DetaliiDocumentAfis/178780","DECIZIE 9/2016","DECIZIE 9 04/04/2016 - Portal Legislativ"
"https://legislatie.just.ro/Public/DetaliiDocumentAfis/270025","DECIZIE 24/2023","DECIZIE 24 27/03/2023 - Portal Legislativ"
"https://legislatie.just.ro/Public/DetaliiDocumentAfis/80100","LEGE 45/2007","LEGE 45 06/03/2007 - Portal Legislativ"
"https://legislatie.just.ro/Public/DetaliiDocumentAfis/247824","DECIZIE 457/2021","DECIZIE 457 01/07/2021 - Portal Legislativ"
"https://legislatie.just.ro/Public/DetaliiDocumentAfis/261094","ORD DE URGENTA (A) 27/2006","ORD DE URGENTA (A) 27 29/03/2006 - Portal Legislativ"
"https://legislatie.just.ro/Public/DetaliiDocumentAfis/222521","DECIZIE 700/2019","DECIZIE 700 31/10/2019 - Portal Legislativ"
"https://legislatie.just.ro/Public/DetaliiDocumentAfis/278455","NORMA 2023","NORMA 21/12/2023 - Portal Legislativ"
"https://legislatie.just.ro/Public/DetaliiDocumentAfis/274550","HOTARARE (A) 521/2023","HOTARARE (A) 521 26/05/2023 - Portal Legislativ"
"https://legislatie.just.ro/Public/DetaliiDocumentAfis/274551","ANEXA (A) 2023","ANEXA (A) 26/05/2023 - Portal Legislativ"
"https://legislatie.just.ro/Public/DetaliiDocumentAfis/274552","CONTRACT CADRU (A) 2023","CONTRACT CADRU (A) 26/05/2023 - Portal Legislativ"
"https://legislatie.just.ro/Public/DetaliiDocumentAfis/278452","ORDIN 3/2024","ORDIN 3 04/01/2024 - Portal Legislativ"
"https://legislatie.just.ro/Public/DetaliiDocumentAfis/278465","NORMA 2023","NORMA 08/11/2023 - Portal Legislativ"
"https://legislatie.just.ro/Public/DetaliiDocumentAfis/269064","ORDIN (A) 35/2016","ORDIN (A) 35 30/03/2016 - Portal Legislativ"
"https://legislatie.just.ro/Public/DetaliiDocumentAfis/269065","NORMA (A) 2016","NORMA (A) 30/03/2016 - Portal Legislativ"
"https://legislatie.just.ro/Public/DetaliiDocumentAfis/269066","Format necunoscut","502 - Web server received an invalid response while acting as a gateway or proxy server."
"https://legislatie.just.ro/Public/DetaliiDocumentAfis/271815","ORD DE URGENTA 62/2023","ORD DE URGENTA 62 30/06/2023 - Portal Legislativ"
"https://legislatie.just.ro/Public/DetaliiDocumentAfis/264243","HOTARARE (A) 316/2021","HOTARARE (A) 316 10/03/2021 - Portal Legislativ"
"https://legislatie.just.ro/Public/DetaliiDocumentAfis/66692","LEGE 357/2005","LEGE 357 06/12/2005 - Portal Legislativ"
"https://legislatie.just.ro/Public/DetaliiDocumentAfis/240853","REGULAMENT 26/2021","REGULAMENT 26 09/03/2021 - Portal Legislativ"
"https://legislatie.just.ro/Public/DetaliiDocumentAfis/261097","LEGE (A) 335/2007","LEGE (A) 335 03/12/2007 - Portal Legislativ"
"https://legislatie.just.ro/Public/DetaliiDocumentAfis/269774","COD PR PENALA (A) 2016","COD PR PENALA (A) 21/09/2016 - Portal Legislativ"
"https://legislatie.just.ro/Public/DetaliiDocumentAfis/269777","COD PENAL (A) 2009","COD PENAL (A) 17/07/2009 - Portal Legislativ"
"https://legislatie.just.ro/Public/DetaliiDocumentAfis/190831","DECIZIE 185/2017","DECIZIE 185 21/03/2017 - Portal Legislativ"
"https://legislatie.just.ro/Public/DetaliiDocumentAfis/111500","CARTA 2007","CARTA 12/12/2007 - Portal Legislativ"
"https://legislatie.just.ro/Public/DetaliiDocumentAfis/144990","Format necunoscut","Error"
"https://legislatie.just.ro/Public/DetaliiDocumentAfis/278525","PROCEDURA 2024","PROCEDURA 10/01/2024 - Portal Legislativ"
"https://legislatie.just.ro/Public/DetaliiDocumentAfis/264168","HOTARARE (A) 477/2020","HOTARARE (A) 477 16/06/2020 - Portal Legislativ"
"https://legislatie.just.ro/Public/DetaliiDocumentAfis/257203","ORD DE URGENTA (A) 99/2006","ORD DE URGENTA (A) 99 06/12/2006 - Portal Legislativ"
"https://legislatie.just.ro/Public/DetaliiDocumentAfis/66477","LEGE 338/2005","LEGE 338 29/11/2005 - Portal Legislativ"
"https://legislatie.just.ro/Public/DetaliiDocumentAfis/249606","LEGE (A) 566/2004","LEGE (A) 566 09/12/2004 - Portal Legislativ"
"https://legislatie.just.ro/Public/DetaliiDocumentAfis/267703","ORD DE URGENTA (A) 50/2010","ORD DE URGENTA (A) 50 09/06/2010 - Portal Legislativ"
"https://legislatie.just.ro/Public/DetaliiDocumentAfis/124860","LEGE 288/2010","LEGE 288 28/12/2010 - Portal Legislativ"
"https://legislatie.just.ro/Public/DetaliiDocumentAfis/240609","ORDONANTA (A) 51/1997","ORDONANTA (A) 51 28/08/1997 - Portal Legislativ"
"https://legislatie.just.ro/Public/DetaliiDocumentAfis/83674","LEGE 227/2007","LEGE 227 04/07/2007 - Portal Legislativ"
"https://legislatie.just.ro/Public/DetaliiDocumentAfis/181855","LEGE (A) 93/2009","LEGE (A) 93 08/04/2009 - Portal Legislativ"
"https://legislatie.just.ro/Public/DetaliiDocumentAfis/261165","ORD DE URGENTA (A) 44/2008","ORD DE URGENTA (A) 44 16/04/2008 - Portal Legislativ"
"https://legislatie.just.ro/Public/DetaliiDocumentAfis/182729","LEGE 182/2016","LEGE 182 17/10/2016 - Portal Legislativ"
"https://legislatie.just.ro/Public/DetaliiDocumentAfis/265009","LEGE (A) 346/2004","LEGE (A) 346 14/04/2004 - Portal Legislativ"
"https://legislatie.just.ro/Public/DetaliiDocumentAfis/218200","LEGE (A) 36/1991","LEGE (A) 36 30/04/1991 - Portal Legislativ"
"https://legislatie.just.ro/Public/DetaliiDocumentAfis/269164","LEGE (A) 31/1990","LEGE (A) 31 16/11/1990 - Portal Legislativ"
"https://legislatie.just.ro/Public/DetaliiDocumentAfis/176489","OG (A) 37/2005","OG (A) 37 14/07/2005 - Portal Legislativ"
"https://legislatie.just.ro/Public/DetaliiDocumentAfis/201583","ORDIN (A) 1718/2011","ORDIN (A) 1718 03/03/2011 - Portal Legislativ"
"https://legislatie.just.ro/Public/DetaliiDocumentAfis/201584","PRECIZARI (A) 2011","PRECIZARI (A) 03/03/2011 - Portal Legislativ"
"https://legislatie.just.ro/Public/DetaliiDocumentAfis/269930","LEGE (A) 69/2000","LEGE (A) 69 28/04/2000 - Portal Legislativ"
"https://legislatie.just.ro/Public/DetaliiDocumentAfis/232398","ORDONANTA (A) 26/2000","ORDONANTA (A) 26 30/01/2000 - Portal Legislativ"
"https://legislatie.just.ro/Public/DetaliiDocumentAfis/269550","REGULAMENT (A) 2000","REGULAMENT (A) 26/04/2000 - Portal Legislativ"
"https://legislatie.just.ro/Public/DetaliiDocumentAfis/234020","LEGE 276/2020","LEGE 276 27/11/2020 - Portal Legislativ"
"https://legislatie.just.ro/Public/DetaliiDocumentAfis/236282","COD PR CIVILA (A) 2016","COD PR CIVILA (A) 15/12/2016 - Portal Legislativ"
"https://legislatie.just.ro/Public/DetaliiDocumentAfis/269549","ORDIN (A) 954/2000","ORDIN (A) 954 26/04/2000 - Portal Legislativ"
"https://legislatie.just.ro/Public/DetaliiDocumentAfis/268505","LEGE (A) 31/1990","LEGE (A) 31 16/11/1990 - Portal Legislativ"
"https://legislatie.just.ro/Public/DetaliiDocumentAfis/82","DECRET 31/1954","DECRET 31 30/01/1954 - Portal Legislativ"
"https://legislatie.just.ro/Public/DetaliiDocumentAfis/63457","LEGE 246/2005","LEGE 246 18/07/2005 - Portal Legislativ"
"https://legislatie.just.ro/Public/DetaliiDocumentAfis/269897","DECRET-LEGE (A) 118/1990","DECRET-LEGE (A) 118 30/03/1990 - Portal Legislativ"
"https://legislatie.just.ro/Public/DetaliiDocumentAfis/1530","LEGE 59/1991","LEGE 59 16/09/1991 - Portal Legislativ"
"https://legislatie.just.ro/Public/DetaliiDocumentAfis/234538","DECRET-LEGE (R) 118/1990","DECRET-LEGE (R) 118 30/03/1990 - Portal Legislativ"
"https://legislatie.just.ro/Public/DetaliiDocumentAfis/269552","LEGE (A) 210/2022","LEGE (A) 210 12/07/2022 - Portal Legislativ"
"https://legislatie.just.ro/Public/DetaliiDocumentAfis/269486","ORDONANTA (A) 105/1999","ORDONANTA (A) 105 30/08/1999 - Portal Legislativ"
"https://legislatie.just.ro/Public/DetaliiDocumentAfis/813","LEGE 38/1990","LEGE 38 13/12/1990 - Portal Legislativ"
"https://legislatie.just.ro/Public/DetaliiDocumentAfis/269905","LEGE (A) 44/1994","LEGE (A) 44 01/07/1994 - Portal Legislativ"
"https://legislatie.just.ro/Public/DetaliiDocumentAfis/46172","DECIZIE 303/2003","DECIZIE 303 10/07/2003 - Portal Legislativ"
"https://legislatie.just.ro/Public/DetaliiDocumentAfis/45310","DECIZIE 242/2003","DECIZIE 242 10/06/2003 - Portal Legislativ"
"https://legislatie.just.ro/Public/DetaliiDocumentAfis/31","CONVENŢIE 1944","CONVENŢIE 12/09/1944 - Portal Legislativ"
"https://legislatie.just.ro/Public/DetaliiDocumentAfis/152375","OUG (A) 214/1999","OUG (A) 214 29/12/1999 - Portal Legislativ"
"https://legislatie.just.ro/Public/DetaliiDocumentAfis/31892","LEGE 568/2001","LEGE 568 19/10/2001 - Portal Legislativ"
"https://legislatie.just.ro/Public/DetaliiDocumentAfis/123583","DECIZIE 1360/2010","DECIZIE 1360 21/10/2010 - Portal Legislativ"
"https://legislatie.just.ro/Public/DetaliiDocumentAfis/146118","LEGE (A) 221/2009","LEGE (A) 221 02/06/2009 - Portal Legislativ"
"https://legislatie.just.ro/Public/DetaliiDocumentAfis/143687","DECIZIE 15/2012","DECIZIE 15 12/11/2012 - Portal Legislativ"
"https://legislatie.just.ro/Public/DetaliiDocumentAfis/265401","DECIZIE 4/2023","DECIZIE 4 30/01/2023 - Portal Legislativ"
"https://legislatie.just.ro/Public/DetaliiDocumentAfis/85276","PROTOCOL (A) 1952","PROTOCOL (A) 20/03/1952 - Portal Legislativ"
"https://legislatie.just.ro/Public/DetaliiDocumentAfis/241373","ORD DE URGENTA (A) 212/2020","ORD DE URGENTA (A) 212 28/12/2020 - Portal Legislativ"
"https://legislatie.just.ro/Public/DetaliiDocumentAfis/254350","REGULAMENT 8/2022","REGULAMENT 8 19/04/2022 - Portal Legislativ"
"https://legislatie.just.ro/Public/DetaliiDocumentAfis/162087","REGULAMENT (A) 12/2005","REGULAMENT (A) 12 29/09/2005 - Portal Legislativ"
"https://legislatie.just.ro/Public/DetaliiDocumentAfis/254349","NORMA 1/2022","NORMA 1 19/04/2022 - Portal Legislativ"
"https://legislatie.just.ro/Public/DetaliiDocumentAfis/96059","ORDIN 2231/2008","ORDIN 2231 22/07/2008 - Portal Legislativ"
"https://legislatie.just.ro/Public/DetaliiDocumentAfis/277831","ORDIN 5440/2023","ORDIN 5440 29/12/2023 - Portal Legislativ"
"https://legislatie.just.ro/Public/DetaliiDocumentAfis/241917","LEGE 109/2021","LEGE 109 28/04/2021 - Portal Legislativ"
"https://legislatie.just.ro/Public/DetaliiDocumentAfis/259051","ORD DE URGENTA (A) 64/2007","ORD DE URGENTA (A) 64 27/06/2007 - Portal Legislativ"
"https://legislatie.just.ro/Public/DetaliiDocumentAfis/92798","LEGE 109/2008","LEGE 109 09/05/2008 - Portal Legislativ"
"https://legislatie.just.ro/Public/DetaliiDocumentAfis/267698","NORMA (A) 2007","NORMA (A) 06/12/2007 - Portal Legislativ"
"https://legislatie.just.ro/Public/DetaliiDocumentAfis/267697","HOTARARE (A) 1470/2007","HOTARARE (A) 1470 06/12/2007 - Portal Legislativ"
"https://legislatie.just.ro/Public/DetaliiDocumentAfis/252715","REGULAMENT 2022","REGULAMENT 16/03/2022 - Portal Legislativ"
"https://legislatie.just.ro/Public/DetaliiDocumentAfis/252714","ORDIN 318/2022","ORDIN 318 16/03/2022 - Portal Legislativ"
"https://legislatie.just.ro/Public/DetaliiDocumentAfis/268142","ORDONANTA (A) 51/1998","ORDONANTA (A) 51 11/08/1998 - Portal Legislativ"
"https://legislatie.just.ro/Public/DetaliiDocumentAfis/277558","LEGE 413/2023","LEGE 413 19/12/2023 - Portal Legislativ"
"https://legislatie.just.ro/Public/DetaliiDocumentAfis/28623","LEGE 245/2001","LEGE 245 16/05/2001 - Portal Legislativ"
"https://legislatie.just.ro/Public/DetaliiDocumentAfis/265892","PROCEDURA (A) 2022","PROCEDURA (A) 23/06/2022 - Portal Legislativ"
"https://legislatie.just.ro/Public/DetaliiDocumentAfis/265891","ORDIN (A) 1111/2022","ORDIN (A) 1111 23/06/2022 - Portal Legislativ"
"https://legislatie.just.ro/Public/DetaliiDocumentAfis/278604","PROCEDURA (A) 2022","PROCEDURA (A) 23/06/2022 - Portal Legislativ"
"https://legislatie.just.ro/Public/DetaliiDocumentAfis/274561","HOTARARE 864/2023","HOTARARE 864 14/09/2023 - Portal Legislativ"
"https://legislatie.just.ro/Public/DetaliiDocumentAfis/269418","ORD DE URGENTA (A) 77/2014","ORD DE URGENTA (A) 77 03/12/2014 - Portal Legislativ"
"https://legislatie.just.ro/Public/DetaliiDocumentAfis/269818","LEGE (A) 21/1996","LEGE (A) 21 10/04/1996 - Portal Legislativ"
"https://legislatie.just.ro/Public/DetaliiDocumentAfis/166159","LEGE 20/2015","LEGE 20 06/03/2015 - Portal Legislativ"
"https://legislatie.just.ro/Public/DetaliiDocumentAfis/106460","TRATAT 1957","TRATAT 25/03/1957 - Portal Legislativ"
"https://legislatie.just.ro/Public/DetaliiDocumentAfis/266992","ORDIN (A) 330/2023","ORDIN (A) 330 20/01/2023 - Portal Legislativ"
"https://legislatie.just.ro/Public/DetaliiDocumentAfis/266993","SCHEMA (A) 2023","SCHEMA (A) 20/01/2023 - Portal Legislativ"
"https://legislatie.just.ro/Public/DetaliiDocumentAfis/217494","PROGRAM (A) 2012","PROGRAM (A) 11/01/2012 - Portal Legislativ"
"https://legislatie.just.ro/Public/DetaliiDocumentAfis/217493","HOTARARE (A) 20/2012","HOTARARE (A) 20 11/01/2012 - Portal Legislativ"
"https://legislatie.just.ro/Public/DetaliiDocumentAfis/217495","PROGRAM (A) 2012","PROGRAM (A) 11/01/2012 - Portal Legislativ"
"https://legislatie.just.ro/Public/DetaliiDocumentAfis/269234","ORDIN (A) 587/2016","ORDIN (A) 587 01/02/2016 - Portal Legislativ"
"https://legislatie.just.ro/Public/DetaliiDocumentAfis/269877","COD FISCAL (A) 2015","COD FISCAL (A) 08/09/2015 - Portal Legislativ"
"https://legislatie.just.ro/Public/DetaliiDocumentAfis/277794","LEGE (A) 296/2023","LEGE (A) 296 26/10/2023 - Portal Legislativ"
"https://legislatie.just.ro/Public/DetaliiDocumentAfis/237775","LEGE (A) 334/2006","LEGE (A) 334 17/07/2006 - Portal Legislativ"
"https://legislatie.just.ro/Public/DetaliiDocumentAfis/269796","ORDIN (A) 4268/2022","ORDIN (A) 4268 15/12/2022 - Portal Legislativ"
"https://legislatie.just.ro/Public/DetaliiDocumentAfis/198339","HOTARARE (A) 10/2016","HOTARARE (A) 10 13/01/2016 - Portal Legislativ"
"https://legislatie.just.ro/Public/DetaliiDocumentAfis/198340","NORMA (A) 2016","NORMA (A) 13/01/2016 - Portal Legislativ"
"https://legislatie.just.ro/Public/DetaliiDocumentAfis/189370","LEGE (R) 47/1994","LEGE (R) 47 07/07/1994 - Portal Legislativ"
"https://legislatie.just.ro/Public/DetaliiDocumentAfis/278830","METODOLOGIE 2024","METODOLOGIE 30/01/2024 - Portal Legislativ"
"https://legislatie.just.ro/Public/DetaliiDocumentAfis/234807","ORDONANTA (A) 38/2015","ORDONANTA (A) 38 26/08/2015 - Portal Legislativ"
"https://legislatie.just.ro/Public/DetaliiDocumentAfis/265899","HOTARARE (A) 700/2012","HOTARARE (A) 700 11/07/2012 - Portal Legislativ"
"https://legislatie.just.ro/Public/DetaliiDocumentAfis/278829","ORDIN 105/2024","ORDIN 105 30/01/2024 - Portal Legislativ"
"https://legislatie.just.ro/Public/DetaliiDocumentAfis/209130","ORDIN (A) 103/2010","ORDIN (A) 103 26/04/2010 - Portal Legislativ"
"https://legislatie.just.ro/Public/DetaliiDocumentAfis/266941","LEGE (A) 554/2004","LEGE (A) 554 02/12/2004 - Portal Legislativ"
"https://legislatie.just.ro/Public/DetaliiDocumentAfis/269119","ORDONANTA (A) 21/1992","ORDONANTA (A) 21 21/08/1992 - Portal Legislativ"
"https://legislatie.just.ro/Public/DetaliiDocumentAfis/269595","NORMA (A) 2022","NORMA (A) 20/09/2022 - Portal Legislativ"
"https://legislatie.just.ro/Public/DetaliiDocumentAfis/269594","ORDIN (A) 2534/2022","ORDIN (A) 2534 20/09/2022 - Portal Legislativ"
"https://legislatie.just.ro/Public/DetaliiDocumentAfis/268246","ORD DE URGENTA (A) 95/2022","ORD DE URGENTA (A) 95 29/06/2022 - Portal Legislativ"
"https://legislatie.just.ro/Public/DetaliiDocumentAfis/272193","LEGE 224/2023","LEGE 224 14/07/2023 - Portal Legislativ"
"https://legislatie.just.ro/Public/DetaliiDocumentAfis/264864","HOTARARE (A) 22/2022","HOTARARE (A) 22 05/01/2022 - Portal Legislativ"
"https://legislatie.just.ro/Public/DetaliiDocumentAfis/278863","REGULAMENT 2024","REGULAMENT 31/01/2024 - Portal Legislativ"
"https://legislatie.just.ro/Public/DetaliiDocumentAfis/270907","ORDIN 201/2023","ORDIN 201 24/05/2023 - Portal Legislativ"
"https://legislatie.just.ro/Public/DetaliiDocumentAfis/269251","HOTARARE (A) 1570/2022","HOTARARE (A) 1570 28/12/2022 - Portal Legislativ"
"https://legislatie.just.ro/Public/DetaliiDocumentAfis/269334","HOTARARE (A) 30/2017","HOTARARE (A) 30 18/01/2017 - Portal Legislativ"
"https://legislatie.just.ro/Public/DetaliiDocumentAfis/199929","HOTARARE (A) 1186/2014","HOTARARE (A) 1186 29/12/2014 - Portal Legislativ"
"https://legislatie.just.ro/Public/DetaliiDocumentAfis/270931","SISTEM 2023","SISTEM 24/05/2023 - Portal Legislativ"
"https://legislatie.just.ro/Public/DetaliiDocumentAfis/158003","LEGE (A) 1/2004","LEGE (A) 1 16/02/2004 - Portal Legislativ"
"https://legislatie.just.ro/Public/DetaliiDocumentAfis/270932","SISTEM 2023","SISTEM 24/05/2023 - Portal Legislativ"
"https://legislatie.just.ro/Public/DetaliiDocumentAfis/265049","ORD DE URGENTA (A) 41/2014","ORD DE URGENTA (A) 41 18/06/2014 - Portal Legislativ"
"https://legislatie.just.ro/Public/DetaliiDocumentAfis/166459","LEGE 43/2015","LEGE 43 17/03/2015 - Portal Legislativ"
"https://legislatie.just.ro/Public/DetaliiDocumentAfis/203461","ORDIN (A) 66/2011","ORDIN (A) 66 28/03/2011 - Portal Legislativ"
"https://legislatie.just.ro/Public/DetaliiDocumentAfis/203462","NORMA (A) 2011","NORMA (A) 28/03/2011 - Portal Legislativ"
"https://legislatie.just.ro/Public/DetaliiDocumentAfis/275352","ORD DE URGENTA 85/2023","ORD DE URGENTA 85 16/10/2023 - Portal Legislativ"
"https://legislatie.just.ro/Public/DetaliiDocumentAfis/265382","ORDIN 54/2023","ORDIN 54 09/02/2023 - Portal Legislativ"
"https://legislatie.just.ro/Public/DetaliiDocumentAfis/273892","REZOLUTIE 340/2021","REZOLUTIE 340 26/11/2021 - Portal Legislativ"
"https://legislatie.just.ro/Public/DetaliiDocumentAfis/26319","CONVENTIE 1973","CONVENTIE 02/11/1973 - Portal Legislativ"
"https://legislatie.just.ro/Public/DetaliiDocumentAfis/268492","ORDIN (A) 139/2014","ORDIN (A) 139 19/02/2014 - Portal Legislativ"
"https://legislatie.just.ro/Public/DetaliiDocumentAfis/268493","REZOLUTIE (A) 182/2009","REZOLUTIE (A) 182 17/07/2009 - Portal Legislativ"
"https://legislatie.just.ro/Public/DetaliiDocumentAfis/268494","REZOLUTIE (A) 184/2009","REZOLUTIE (A) 184 17/07/2009 - Portal Legislativ"
"https://legislatie.just.ro/Public/DetaliiDocumentAfis/268495","REZOLUTIE (A) 259/2015","REZOLUTIE (A) 259 15/05/2015 - Portal Legislativ"
"https://legislatie.just.ro/Public/DetaliiDocumentAfis/214235","ORDONANTA (A) 42/1997","ORDONANTA (A) 42 28/08/1997 - Portal Legislativ"
"https://legislatie.just.ro/Public/DetaliiDocumentAfis/278871","ORDIN 461/2024","ORDIN 461 31/01/2024 - Portal Legislativ"
